Date,Name,Year,Letterboxd URI,Rating
2022-01-26,The House,2022,https://boxd.it/yVza,3.5
2022-01-26,Spider-Man: No Way Home,2021,https://boxd.it/nwRw,4
2022-01-26,Dune,2021,https://boxd.it/fA7G,3.5
2022-01-26,Parasite,2019,https://boxd.it/hTha,4.5
2022-01-26,The French Dispatch,2021,https://boxd.it/jLP8,3.5
2022-01-26,The Social Network,2010,https://boxd.it/17ue,5
2022-01-26,The Matrix Resurrections,2021,https://boxd.it/n87k,2
2022-01-26,Avengers: Infinity War,2018,https://boxd.it/9vEe,3.5
2022-01-26,Avengers: Endgame,2019,https://boxd.it/9vE4,3
2022-01-26,Guardians of the Galaxy,2014,https://boxd.it/3VH2,3.5
2022-01-26,Captain America: Civil War,2016,https://boxd.it/89Ja,3.5
2022-01-26,Doctor Strange,2016,https://boxd.it/8MH8,3
2022-01-26,Iron Man,2008,https://boxd.it/28dA,3.5
2022-01-26,Avengers: Age of Ultron,2015,https://boxd.it/3qi6,2
2022-01-26,Captain America: The First Avenger,2011,https://boxd.it/28b0,2.5
2022-01-26,The Falcon and the Winter Soldier,2021,https://boxd.it/sbH6,2
2022-01-26,Coraline,2009,https://boxd.it/1NhQ,4
2022-01-26,Spider-Man,2002,https://boxd.it/2a8i,4
2022-01-26,Fight Club,1999,https://boxd.it/2a9q,5
2022-01-26,Taxi Driver,1976,https://boxd.it/2b8y,5
2022-01-26,The Grand Budapest Hotel,2014,https://boxd.it/3ZqO,5
2022-01-26,Forrest Gump,1994,https://boxd.it/728,4
2022-01-26,Arrival,2016,https://boxd.it/aNGk,3.5
2022-01-26,The Shawshank Redemption,1994,https://boxd.it/2aHi,5
2022-01-26,Pulp Fiction,1994,https://boxd.it/29Pq,5
2022-01-26,V for Vendetta,2005,https://boxd.it/29Ik,4
2022-01-26,Se7en,1995,https://boxd.it/29zs,5
2022-01-26,No Country for Old Men,2007,https://boxd.it/21ew,5
2022-01-26,Midsommar,2019,https://boxd.it/jhxe,3.5
2022-01-26,Phantom Thread,2017,https://boxd.it/e4uc,4
2022-01-26,Titanic,1997,https://boxd.it/2a2k,3.5
2022-01-26,Fantastic Mr. Fox,2009,https://boxd.it/1WyQ,5
2022-01-26,Whiplash,2014,https://boxd.it/7bQA,5
2022-01-26,The Boy in the Striped Pyjamas,2008,https://boxd.it/1NOK,3.5
2022-01-26,Trainspotting,1996,https://boxd.it/29XY,5
2022-01-26,The Big Lebowski,1998,https://boxd.it/2b6C,5
2022-01-26,The Silence of the Lambs,1991,https://boxd.it/2aHW,4
2022-01-26,GoodFellas,1990,https://boxd.it/29FA,5
2022-01-26,Heat,1995,https://boxd.it/2bg8,5
2022-01-26,Scott Pilgrim vs. the World,2010,https://boxd.it/1Aq6,4
2022-01-26,The Dark Knight,2008,https://boxd.it/2b0k,5
2022-01-26,The Matrix,1999,https://boxd.it/2a1m,4.5
2022-01-26,Akira,1988,https://boxd.it/2b1i,4
2022-01-26,Joker,2019,https://boxd.it/h4cS,3.5
2022-01-26,The Thing,1982,https://boxd.it/294O,5
2022-01-26,Hot Fuzz,2007,https://boxd.it/2416,5
2022-01-26,Superbad,2007,https://boxd.it/20hO,3.5
2022-01-26,Kick-Ass,2010,https://boxd.it/1zaQ,3.5
2022-01-26,Oldboy,2003,https://boxd.it/29R2,5
2022-01-26,American Psycho,2000,https://boxd.it/28Vs,4.5
2022-01-26,21 Jump Street,2012,https://boxd.it/J0,4
2022-01-26,The Usual Suspects,1995,https://boxd.it/29XE,4.5
2022-01-26,L.A. Confidential,1997,https://boxd.it/27oC,4.5
2022-01-26,Inglourious Basterds,2009,https://boxd.it/1JzG,4.5
2022-01-26,Spider-Man 2,2004,https://boxd.it/2a88,4.5
2022-01-26,Aliens,1986,https://boxd.it/29PA,5
2022-01-26,Reservoir Dogs,1992,https://boxd.it/2agc,4.5
2022-01-26,American History X,1998,https://boxd.it/2bdo,4
2022-01-26,Back to the Future,1985,https://boxd.it/2b8e,5
2022-01-26,Tenet,2020,https://boxd.it/leq4,3.5
2022-01-26,Starship Troopers,1997,https://boxd.it/2a7k,4
2022-01-26,Free Guy,2021,https://boxd.it/k8dm,0.5
2022-01-26,There Will Be Blood,2007,https://boxd.it/20Z2,5
2022-01-26,The Big Short,2015,https://boxd.it/ajZw,4.5
2022-01-26,The Darjeeling Limited,2007,https://boxd.it/24as,4
2022-01-26,Titane,2021,https://boxd.it/nlQC,3.5
2022-01-26,The Favourite,2018,https://boxd.it/d2hI,4
2022-01-26,Seven Samurai,1954,https://boxd.it/2axi,5
2022-01-26,Alien,1979,https://boxd.it/2awY,4
2022-01-26,Ratatouille,2007,https://boxd.it/27ww,3.5
2022-01-26,Up,2009,https://boxd.it/1OEc,3.5
2022-01-26,Finding Nemo,2003,https://boxd.it/72i,4
2022-01-26,Toy Story 3,2010,https://boxd.it/1WRe,4
2022-01-26,Inside Out,2015,https://boxd.it/4KHC,3
2022-01-26,Mad Max: Fury Road,2015,https://boxd.it/2DjO,5
2022-01-26,Mad Max 2,1981,https://boxd.it/1ZPg,4
2022-01-26,Mad Max Beyond Thunderdome,1985,https://boxd.it/1YTm,3.5
2022-01-26,Mad Max,1979,https://boxd.it/1Y7i,3.5
2022-01-26,Knives Out,2019,https://boxd.it/jWEA,4
2022-01-26,Squid Game,2021,https://boxd.it/x1OG,3.5
2022-01-26,Shang-Chi and the Legend of the Ten Rings,2021,https://boxd.it/kLDI,3
2022-01-26,The Suicide Squad,2021,https://boxd.it/fw6O,3.5
2022-01-26,Feels Good Man,2020,https://boxd.it/oigS,4.5
2022-01-26,El Camino: A Breaking Bad Movie,2019,https://boxd.it/kv0q,4
2022-01-26,1917,2019,https://boxd.it/jj4y,3.5
2022-01-26,Sonic the Hedgehog,2020,https://boxd.it/gdK8,2
2022-01-26,Jojo Rabbit,2019,https://boxd.it/iEBG,4
2022-01-26,Once Upon a Time… in Hollywood,2019,https://boxd.it/gH0O,4
2022-01-26,Marriage Story,2019,https://boxd.it/hJAw,3.5
2022-01-26,It Chapter Two,2019,https://boxd.it/h10u,2.5
2022-01-26,Captain Marvel,2019,https://boxd.it/9vSA,1.5
2022-01-26,Ant-Man and the Wasp,2018,https://boxd.it/cqUW,1.5
2022-01-26,BlacKkKlansman,2018,https://boxd.it/hxL8,3.5
2022-01-26,The Amazing Spider-Man,2012,https://boxd.it/27PI,1
2022-01-26,Captain America: The Winter Soldier,2014,https://boxd.it/3r58,2
2022-01-26,Ant-Man,2015,https://boxd.it/3vmW,2
2022-01-26,Spider-Man: Homecoming,2017,https://boxd.it/aboM,3
2022-01-26,WandaVision,2021,https://boxd.it/sbGW,2.5
2022-01-26,Loki,2021,https://boxd.it/sbHg,3
2022-01-26,Pig,2021,https://boxd.it/nzoW,3.5
2022-01-26,Hawkeye,2021,https://boxd.it/xQqK,3
2022-01-26,Shrek 2,2004,https://boxd.it/29z8,4
2022-01-26,Last Night in Soho,2021,https://boxd.it/lbJC,3
2022-01-26,Anchorman: The Legend of Ron Burgundy,2004,https://boxd.it/1ZVo,3
2022-01-26,Midnight Mass,2021,https://boxd.it/wvVA,4
2022-01-26,Spider-Man: Into the Spider-Verse,2018,https://boxd.it/azpY,4.5
2022-01-26,Raiders of the Lost Ark,1981,https://boxd.it/2bbs,5
2022-01-26,Batman,1989,https://boxd.it/2aIU,4
2022-01-26,Nobody,2021,https://boxd.it/mLqS,3.5
2022-01-26,The Power of the Dog,2021,https://boxd.it/m99E,3.5
2022-01-26,Bohemian Rhapsody,2018,https://boxd.it/f1TK,3
2022-01-26,The Martian,2015,https://boxd.it/8SeG,3
2022-01-26,Logan,2017,https://boxd.it/7Piy,4
2022-01-26,Rogue One: A Star Wars Story,2016,https://boxd.it/aPvy,3
2022-01-26,Star Wars: The Last Jedi,2017,https://boxd.it/5xme,2.5
2022-01-26,It,2017,https://boxd.it/bC8e,3.5
2022-01-26,Guardians of the Galaxy Vol. 2,2017,https://boxd.it/8MxC,3.5
2022-01-26,Star Wars: The Force Awakens,2015,https://boxd.it/4vru,3.5
2022-01-26,A Quiet Place,2018,https://boxd.it/fVJQ,2.5
2022-01-26,Hereditary,2018,https://boxd.it/hNVe,3.5
2022-01-26,Uncut Gems,2019,https://boxd.it/gXGc,5
2022-01-26,Get Out,2017,https://boxd.it/eOCm,4
2022-01-26,Moonrise Kingdom,2012,https://boxd.it/2Wng,4
2022-01-26,Star Wars: The Rise of Skywalker,2019,https://boxd.it/5xlK,0.5
2022-01-26,Split,2016,https://boxd.it/dgSy,3.5
2022-01-26,Deadpool 2,2018,https://boxd.it/dlLM,3
2022-01-26,Suicide Squad,2016,https://boxd.it/9row,0.5
2022-01-26,Kingsman: The Secret Service,2014,https://boxd.it/6dxe,4
2022-01-26,The Hunger Games,2012,https://boxd.it/2uds,1.5
2022-01-26,Snowpiercer,2013,https://boxd.it/3Icg,4
2022-01-26,Venom,2018,https://boxd.it/b8wA,2
2022-01-26,Toy Story 4,2019,https://boxd.it/9ALu,3.5
2022-01-26,Big Hero 6,2014,https://boxd.it/5rje,3
2022-01-26,Ready Player One,2018,https://boxd.it/aZes,2
2022-01-26,The Imitation Game,2014,https://boxd.it/6aig,3.5
2022-01-26,What We Do in the Shadows,2014,https://boxd.it/7eQy,4
2022-01-26,The Amazing Spider-Man 2,2014,https://boxd.it/3utM,1.5
2022-01-26,Bird Box,2018,https://boxd.it/eh1i,1.5
2022-01-26,John Wick: Chapter 2,2017,https://boxd.it/ayGu,3.5
2022-01-26,John Wick: Chapter 3 – Parabellum,2019,https://boxd.it/gmFw,3.5
2022-01-26,Now You See Me,2013,https://boxd.it/2Bsu,2.5
2022-01-26,Wreck-It Ralph,2012,https://boxd.it/2TTS,3.5
2022-01-26,Jumanji: Welcome to the Jungle,2017,https://boxd.it/bUeE,1.5
2022-01-26,Edge of Tomorrow,2014,https://boxd.it/4pD0,3
2022-01-26,The Platform,2019,https://boxd.it/mUm6,3.5
2022-01-26,Monsters University,2013,https://boxd.it/bQm,2.5
2022-01-26,X-Men: First Class,2011,https://boxd.it/FOA,2.5
2022-01-26,World War Z,2013,https://boxd.it/2p2E,1.5
2022-01-26,The Ballad of Buster Scruggs,2018,https://boxd.it/jB2q,4
2022-01-26,Kingsman: The Golden Circle,2017,https://boxd.it/buJm,3
2022-01-26,Glass,2019,https://boxd.it/g3uO,2.5
2022-01-26,The World's End,2013,https://boxd.it/3EiO,5
2022-01-26,Shaun of the Dead,2004,https://boxd.it/29J8,5
2022-01-26,Creed,2015,https://boxd.it/a2qk,3.5
2022-01-26,Rocky II,1979,https://boxd.it/28Ua,4
2022-01-26,Creed II,2018,https://boxd.it/hgl8,3.5
2022-01-26,Rocky IV,1985,https://boxd.it/28T2,3.5
2022-01-26,Rocky III,1982,https://boxd.it/28Tw,3
2022-01-26,Rocky V,1990,https://boxd.it/28SS,1.5
2022-01-26,Rocky Balboa,2006,https://boxd.it/291q,2
2022-01-26,The Man from U.N.C.L.E.,2015,https://boxd.it/67lG,3
2022-01-26,The Purge,2013,https://boxd.it/4Xg0,3
2022-01-26,Contagion,2011,https://boxd.it/13rq,3.5
2022-01-26,Cars 2,2011,https://boxd.it/H4Y,0.5
2022-01-26,Now You See Me 2,2016,https://boxd.it/99fw,2.5
2022-01-26,Ghostbusters,2016,https://boxd.it/Vm8,0.5
2022-01-26,The Raid,2011,https://boxd.it/3hBy,5
2022-01-26,The Adventures of Tintin,2011,https://boxd.it/1Irc,3
2022-01-26,Kung Fu Panda 2,2011,https://boxd.it/G36,3
2022-01-26,Despicable Me 2,2013,https://boxd.it/3gg0,2
2022-01-26,T2 Trainspotting,2017,https://boxd.it/5vTA,4
2022-01-26,Minions,2015,https://boxd.it/6jCO,1.5
2022-01-26,Men in Black 3,2012,https://boxd.it/103U,4
2022-01-26,Dredd,2012,https://boxd.it/GZE,3.5
2022-01-26,TRON: Legacy,2010,https://boxd.it/1Dlo,2.5
2022-01-26,"Black Mirror: Rachel, Jack and Ashley Too",2019,https://boxd.it/mltQ,0.5
2022-01-26,Black Mirror: Smithereens,2019,https://boxd.it/mltc,2
2022-01-26,Black Mirror: Bandersnatch,2018,https://boxd.it/kTDG,4
2022-01-26,Black Mirror: Black Museum,2017,https://boxd.it/hRqu,2.5
2022-01-26,Black Mirror: Metalhead,2017,https://boxd.it/hRqk,1.5
2022-01-26,Black Mirror: Hang the DJ,2017,https://boxd.it/hQYA,2.5
2022-01-26,Black Mirror: Crocodile,2017,https://boxd.it/hRoS,2.5
2022-01-26,Black Mirror: Arkangel,2017,https://boxd.it/hQXW,2.5
2022-01-26,Black Mirror: USS Callister,2017,https://boxd.it/hQXi,3
2022-01-26,Black Mirror: Hated in the Nation,2016,https://boxd.it/hSBI,3
2022-01-26,Black Mirror: Men Against Fire,2016,https://boxd.it/hSBS,3
2022-01-26,Black Mirror: San Junipero,2016,https://boxd.it/k4aS,2
2022-01-26,Black Mirror: Playtest,2016,https://boxd.it/hRR6,2.5
2022-01-26,Black Mirror: Nosedive,2016,https://boxd.it/hK9G,2.5
2022-01-26,Black Mirror: White Christmas,2014,https://boxd.it/B3qu,5
2022-01-26,Black Mirror: The Waldo Moment,2013,https://boxd.it/hRpQ,2.5
2022-01-26,Black Mirror: The National Anthem,2011,https://boxd.it/hQYK,3
2022-01-26,Black Mirror: Fifteen Million Merits,2011,https://boxd.it/hQYU,3.5
2022-01-26,Black Mirror: The Entire History of You,2011,https://boxd.it/hQZ4,3.5
2022-01-26,Black Mirror: Be Right Back,2013,https://boxd.it/hRpw,3
2022-01-26,Black Mirror: White Bear,2013,https://boxd.it/hRpG,3.5
2022-01-26,Kick-Ass 2,2013,https://boxd.it/hqu,2
2022-01-26,The Muppet Christmas Carol,1992,https://boxd.it/1WgC,5
2022-01-26,The Karate Kid,2010,https://boxd.it/15HA,1
2022-01-26,Unfriended,2014,https://boxd.it/8sXg,0.5
2022-01-26,The Hitman's Bodyguard,2017,https://boxd.it/dCmO,2
2022-01-26,Anchorman 2: The Legend Continues,2013,https://boxd.it/3GNk,2.5
2022-01-26,6 Underground,2019,https://boxd.it/irU6,0.5
2022-01-26,The Mummy,2017,https://boxd.it/8HnW,1
2022-01-26,Pixels,2015,https://boxd.it/7BaA,0.5
2022-01-26,Central Intelligence,2016,https://boxd.it/9DFE,1.5
2022-01-26,Real Steel,2011,https://boxd.it/147m,2.5
2022-01-26,A Million Ways to Die in the West,2014,https://boxd.it/5H9k,1
2022-01-26,Cloudy with a Chance of Meatballs 2,2013,https://boxd.it/3GMw,2.5
2022-01-26,The SpongeBob Movie: Sponge Out of Water,2015,https://boxd.it/6JxU,3
2022-01-26,The SpongeBob SquarePants Movie,2004,https://boxd.it/1SYq,5
2022-01-26,R.I.P.D.,2013,https://boxd.it/FQQ,1
2022-01-26,Gnomeo & Juliet,2011,https://boxd.it/OKi,2
2022-01-26,The Pirates! In an Adventure with Scientists!,2012,https://boxd.it/2p1w,3
2022-01-26,Good Omens,2019,https://boxd.it/jUOI,3
2022-01-26,The Father,2020,https://boxd.it/m8Ie,4
2022-01-26,Back to the Future Part III,1990,https://boxd.it/2aTS,3.5
2022-01-26,Home Alone,1990,https://boxd.it/29Fg,4.5
2022-01-26,Home Alone 2: Lost in New York,1992,https://boxd.it/29F6,3.5
2022-01-26,Jurassic Park,1993,https://boxd.it/2aA2,4
2022-01-26,The Mask,1994,https://boxd.it/29rS,3.5
2022-01-26,Zodiac,2007,https://boxd.it/27MO,4
2022-01-26,Cube,1997,https://boxd.it/2aoU,3.5
2022-01-26,The Truman Show,1998,https://boxd.it/18U8,4
2022-01-26,Small Soldiers,1998,https://boxd.it/1TzQ,5
2022-01-26,Star Wars: Episode I – The Phantom Menace,1999,https://boxd.it/27Vc,2
2022-01-26,Toy Story 2,1999,https://boxd.it/29qq,4.5
2022-01-26,The Iron Giant,1999,https://boxd.it/1Wow,4.5
2022-01-26,Stuart Little,1999,https://boxd.it/1WZW,3
2022-01-26,Austin Powers: The Spy Who Shagged Me,1999,https://boxd.it/29xQ,3
2022-01-26,An Extremely Goofy Movie,2000,https://boxd.it/1LOo,3.5
2022-01-26,Harry Potter and the Philosopher's Stone,2001,https://boxd.it/29QS,3.5
2022-01-26,The Royal Tenenbaums,2001,https://boxd.it/1YHU,3.5
2022-01-26,Spy Kids,2001,https://boxd.it/1Xcw,5
2022-01-26,Star Wars: Episode II – Attack of the Clones,2002,https://boxd.it/27V2,2
2022-01-26,Gangs of New York,2002,https://boxd.it/25FG,4
2022-01-26,Spy Kids 2: The Island of Lost Dreams,2002,https://boxd.it/1Yyo,3.5
2022-01-26,Kill Bill: Vol. 1,2003,https://boxd.it/70w,4.5
2022-01-26,Pirates of the Caribbean: The Curse of the Black Pearl,2003,https://boxd.it/70G,3.5
2022-01-26,Spy Kids 3-D: Game Over,2003,https://boxd.it/1S7w,5
2022-01-26,The Cat in the Hat,2003,https://boxd.it/1VSU,5
2022-01-26,The Matrix Reloaded,2003,https://boxd.it/2a1c,1.5
2022-01-26,The Matrix Revolutions,2003,https://boxd.it/2a12,1.5
2022-01-26,Saw,2003,https://boxd.it/7eiG,3.5
2022-01-26,The Incredibles,2004,https://boxd.it/1XLm,3.5
2022-01-26,Ocean's Twelve,2004,https://boxd.it/2aZ2,3.5
2022-01-26,Batman Begins,2005,https://boxd.it/2aIg,4
2022-01-26,Star Wars: Episode III – Revenge of the Sith,2005,https://boxd.it/27US,2.5
2022-01-26,Charlie and the Chocolate Factory,2005,https://boxd.it/2b68,2.5
2022-01-26,Madagascar,2005,https://boxd.it/29dc,3.5
2022-01-26,Robots,2005,https://boxd.it/1Xve,5
2022-01-26,Cars,2006,https://boxd.it/29ho,3.5
2022-01-26,Night at the Museum,2006,https://boxd.it/28wi,2.5
2022-01-26,Spider-Man 3,2007,https://boxd.it/2a7Y,3
2022-01-26,Ocean's Thirteen,2007,https://boxd.it/2aEy,3
2022-01-26,Ghost Rider,2007,https://boxd.it/290M,1.5
2022-01-26,The Mist,2007,https://boxd.it/22r2,3
2022-01-26,Shrek the Halls,2007,https://boxd.it/1QgG,2.5
2022-01-26,Kung Fu Panda,2008,https://boxd.it/1Yws,3.5
2022-01-26,Tropic Thunder,2008,https://boxd.it/20WM,4
2022-01-26,Indiana Jones and the Kingdom of the Crystal Skull,2008,https://boxd.it/2aR8,2
2022-01-26,Bolt,2008,https://boxd.it/1QXg,2
2022-01-26,Zombieland,2009,https://boxd.it/1En6,3
2022-01-26,The Hangover,2009,https://boxd.it/1GjK,3
2022-01-26,Cloudy with a Chance of Meatballs,2009,https://boxd.it/1A40,3.5
2022-01-26,X-Men Origins: Wolverine,2009,https://boxd.it/27ug,1
2022-01-26,A Christmas Carol,2009,https://boxd.it/1HKW,2
2022-01-26,Monsters vs Aliens,2009,https://boxd.it/1M50,1.5
2022-01-26,Return of the Jedi,1983,https://boxd.it/27Vm,3.5
2022-01-26,Back to the Future Part II,1989,https://boxd.it/2aYI,3.5
2022-01-26,The Empire Strikes Back,1980,https://boxd.it/27Vw,5
2022-01-26,The King of Comedy,1982,https://boxd.it/2aJS,4
2022-01-26,The Meaning of Life,1983,https://boxd.it/249E,4
2022-01-26,Monty Python and the Holy Grail,1975,https://boxd.it/29GI,4
2022-01-26,Ghostbusters,1984,https://boxd.it/g2w,4.5
2022-01-26,The Karate Kid,1984,https://boxd.it/27Wk,4.5
2022-01-26,The Naked Gun: From the Files of Police Squad!,1988,https://boxd.it/18YE,3.5
2022-01-26,Barton Fink,1991,https://boxd.it/2aFQ,4
2022-01-26,Borat Subsequent Moviefilm,2020,https://boxd.it/rNS0,3.5
2022-01-27,Shutter Island,2010,https://boxd.it/1U82,3.5
2022-01-28,School of Rock,2003,https://boxd.it/28xK,3.5
2022-01-29,The Death of Stalin,2017,https://boxd.it/ea9Y,4
2022-01-29,King Kong,1933,https://boxd.it/2aMM,3.5
2022-01-29,The Last Duel,2021,https://boxd.it/mQbe,3.5
2022-01-29,The Tragedy of Macbeth,2021,https://boxd.it/lMi4,3.5
2022-01-30,Die Hard,1988,https://boxd.it/2a7u,4
2022-01-31,Upgrade,2018,https://boxd.it/i4gW,3.5
2022-02-02,Don't Look Up,2021,https://boxd.it/o0Hc,2
2022-02-02,The Prestige,2006,https://boxd.it/293w,4
2022-02-04,The Girl with the Dragon Tattoo,2011,https://boxd.it/2Pa,4
2022-02-04,Rush Hour,1998,https://boxd.it/27pU,3
2022-02-04,Encanto,2021,https://boxd.it/kPRu,3.5
2022-02-06,Nightmare Alley,2021,https://boxd.it/m0HC,4
2022-02-10,"O Brother, Where Art Thou?",2000,https://boxd.it/2b3I,3.5
2022-02-11,Argo,2012,https://boxd.it/2czU,3.5
2022-02-14,Blade Runner,1982,https://boxd.it/2bcA,5
2022-02-14,Blade Runner 2049,2017,https://boxd.it/b8wK,5
2022-02-21,Louis Theroux's Forbidden America,2022,https://boxd.it/zCpi,4
2022-02-21,Nightcrawler,2014,https://boxd.it/780m,4
2022-02-27,Rushmore,1998,https://boxd.it/1TAO,4
2022-03-03,Her,2013,https://boxd.it/4O24,5
2022-03-03,The Master,2012,https://boxd.it/2cBG,4.5
2022-03-04,West Side Story,2021,https://boxd.it/iwt0,4
2022-03-05,The Departed,2006,https://boxd.it/28MA,4
2022-03-06,The Life Aquatic with Steve Zissou,2004,https://boxd.it/2aqw,4
2022-03-06,The Batman,2022,https://boxd.it/eDGs,4
2022-03-11,Prisoners,2013,https://boxd.it/4E5i,4
2022-03-12,"Hail, Caesar!",2016,https://boxd.it/881G,3.5
2022-03-12,Good Time,2017,https://boxd.it/fcFu,5
2022-03-18,Eternal Sunshine of the Spotless Mind,2004,https://boxd.it/6YK,4.5
2022-03-18,The Killing of a Sacred Deer,2017,https://boxd.it/dZ5G,3.5
2022-03-19,Birdman or (The Unexpected Virtue of Ignorance),2014,https://boxd.it/5RFA,4.5
2022-03-19,Deadpool,2016,https://boxd.it/9fOC,3.5
2022-03-19,Thor: Ragnarok,2017,https://boxd.it/8MHi,3.5
2022-03-19,The Avengers,2012,https://boxd.it/1xFW,3
2022-03-19,Spider-Man: Far from Home,2019,https://boxd.it/fegG,3
2022-03-21,The Raid 2,2014,https://boxd.it/5uz0,4.5
2022-03-25,The Witch,2015,https://boxd.it/9X0m,4
2022-03-27,"Three Billboards Outside Ebbing, Missouri",2017,https://boxd.it/ceBS,4.5
2022-03-28,La La Land,2016,https://boxd.it/a5fa,4
2022-03-28,Drive,2011,https://boxd.it/IG,5
2022-03-30,Raising Arizona,1987,https://boxd.it/2avQ,4
2022-03-31,Searching,2018,https://boxd.it/hDPg,3
2022-04-03,Attack the Block,2011,https://boxd.it/hFO,4
2022-04-03,Looper,2012,https://boxd.it/ham,3.5
2022-04-05,Seven Psychopaths,2012,https://boxd.it/34PW,4
2022-04-05,The Revenant,2015,https://boxd.it/8H5e,4
2022-04-06,Spirited Away,2001,https://boxd.it/2b4m,4.5
2022-04-07,In Bruges,2008,https://boxd.it/20n8,5
2022-04-08,Sicario,2015,https://boxd.it/8i7u,4
2022-04-09,Top Gun,1986,https://boxd.it/29JC,4
2022-04-13,Kill Bill: Vol. 2,2004,https://boxd.it/2au4,4.5
2022-04-13,Ocean's Eleven,2001,https://boxd.it/2aZm,4.5
2022-04-13,Apocalypse Now,1979,https://boxd.it/6ZS,5
2022-04-17,The Handmaiden,2016,https://boxd.it/948A,4
2022-04-20,The Northman,2022,https://boxd.it/nK2s,4.5
2022-04-20,Lolita,1962,https://boxd.it/29Ag,4
2022-04-21,Full Metal Jacket,1987,https://boxd.it/2a1Q,5
2022-04-28,Annihilation,2018,https://boxd.it/9yzm,4
2022-05-02,Ex Machina,2014,https://boxd.it/7T2k,4
2022-05-02,Barry Lyndon,1975,https://boxd.it/25A2,5
2022-05-06,Okja,2017,https://boxd.it/dvXe,4
2022-05-07,Doctor Strange in the Multiverse of Madness,2022,https://boxd.it/gaTc,3.5
2022-05-07,Gladiator,2000,https://boxd.it/2b9m,4.5
2022-05-09,Sound of Metal,2019,https://boxd.it/i7Q4,4
2022-05-10,The Green Knight,2021,https://boxd.it/kuy2,4
2022-05-13,The Evil Dead,1981,https://boxd.it/29Go,4
2022-05-16,Halloween,1978,https://boxd.it/2wRu,4
2022-05-16,Big Trouble in Little China,1986,https://boxd.it/21em,4
2022-05-18,The Lord of the Rings: The Fellowship of the Ring,2001,https://boxd.it/2b5O,5
2022-05-21,Everything Everywhere All at Once,2022,https://boxd.it/jUk4,5
2022-05-21,The Lord of the Rings: The Two Towers,2002,https://boxd.it/2b5E,5
2022-05-22,The Lord of the Rings: The Return of the King,2003,https://boxd.it/2b5u,5
2022-05-23,RoboCop,1987,https://boxd.it/22Wu,4.5
2022-05-23,Army of Darkness,1992,https://boxd.it/29G4,4.5
2022-05-25,Escape from New York,1981,https://boxd.it/294k,3.5
2022-05-26,Ran,1985,https://boxd.it/1Tlu,5
2022-05-27,Yojimbo,1961,https://boxd.it/1SRY,5
2022-05-29,Top Gun: Maverick,2022,https://boxd.it/cjr4,4.5
2022-06-03,Star Wars,1977,https://boxd.it/72s,5
2022-06-04,Assault on Precinct 13,1976,https://boxd.it/1I2c,3.5
2022-06-14,"Crouching Tiger, Hidden Dragon",2000,https://boxd.it/2b1M,3.5
2022-06-16,We Need to Talk About Kevin,2011,https://boxd.it/2pTS,4
2022-06-16,Paddington,2014,https://boxd.it/3RKw,3.5
2022-06-17,Paddington 2,2017,https://boxd.it/bCF8,4
2022-06-18,District 9,2009,https://boxd.it/1Iik,4.5
2022-06-19,Dr. Strangelove or: How I Learned to Stop Worrying and Love the Bomb,1964,https://boxd.it/29eY,4.5
2022-06-19,2001: A Space Odyssey,1968,https://boxd.it/2bf0,5
2022-06-19,Eyes Wide Shut,1999,https://boxd.it/2axs,4
2022-06-19,The Shining,1980,https://boxd.it/29Nu,5
2022-06-19,A Clockwork Orange,1971,https://boxd.it/2aVE,5
2022-06-20,The Guard,2011,https://boxd.it/2eBS,3.5
2022-06-23,Who Framed Roger Rabbit,1988,https://boxd.it/29ry,4
2022-06-24,Soul,2020,https://boxd.it/ioLA,4.5
2022-06-30,Jackie Brown,1997,https://boxd.it/2aVO,4
2022-07-02,Boiling Point,2021,https://boxd.it/uo2u,4
2022-07-03,True Grit,2010,https://boxd.it/Sog,4
2022-07-04,Airplane!,1980,https://boxd.it/29yu,5
2022-07-07,The Dark Knight Rises,2012,https://boxd.it/H3m,4
2022-07-07,Labyrinth,1986,https://boxd.it/1POC,3.5
2022-07-08,The Last of the Mohicans,1992,https://boxd.it/1YSo,4
2022-07-09,Scarface,1983,https://boxd.it/2b7g,5
2022-07-10,Carlito's Way,1993,https://boxd.it/226e,4.5
2022-07-12,Tremors,1990,https://boxd.it/1YSe,3.5
2022-07-13,Gone Girl,2014,https://boxd.it/6hQu,4.5
2022-07-14,Citizen Kane,1941,https://boxd.it/71O,4.5
2022-07-15,In the Loop,2009,https://boxd.it/1EsA,4.5
2022-07-16,The Game,1997,https://boxd.it/26vC,3.5
2022-07-17,Mank,2020,https://boxd.it/mIuC,4
2022-07-20,Black Swan,2010,https://boxd.it/Sw0,3.5
2022-07-20,The Curious Case of Benjamin Button,2008,https://boxd.it/23Fk,3
2022-07-21,Beetlejuice,1988,https://boxd.it/24QI,3.5
2022-07-23,Unbreakable,2000,https://boxd.it/1XV2,3.5
2022-07-24,Toy Story,1995,https://boxd.it/29qA,5
2022-07-24,Requiem for a Dream,2000,https://boxd.it/29VI,5
2022-07-24,Hugo,2011,https://boxd.it/R08,4
2022-07-26,"Monsters, Inc.",2001,https://boxd.it/2a46,5
2022-07-26,Porco Rosso,1992,https://boxd.it/1Tp2,4
2022-07-29,The Lobster,2015,https://boxd.it/7tnw,3.5
2022-07-29,The Naked Gun 2½: The Smell of Fear,1991,https://boxd.it/18Yu,3
2022-07-31,Catch Me If You Can,2002,https://boxd.it/29VS,4
2022-08-01,Collateral,2004,https://boxd.it/28F0,4
2022-08-03,The Exorcist,1973,https://boxd.it/1Yoo,4
2022-08-05,Mission: Impossible II,2000,https://boxd.it/29cS,2
2022-08-08,Thief,1981,https://boxd.it/1TEc,4.5
2022-08-09,Predator,1987,https://boxd.it/2b84,3.5
2022-08-10,Alien³,1992,https://boxd.it/20zS,2.5
2022-08-11,Prey,2022,https://boxd.it/sNBU,4
2022-08-11,10 Cloverfield Lane,2016,https://boxd.it/aZiu,4
2022-08-12,The Wolf of Wall Street,2013,https://boxd.it/3C1m,5
2022-08-13,Snatch,2000,https://boxd.it/2b7U,4.5
2022-08-14,Thirteen Lives,2022,https://boxd.it/q7O4,3
2022-08-14,"Lock, Stock and Two Smoking Barrels",1998,https://boxd.it/2b92,4
2022-08-15,Memento,2000,https://boxd.it/2bcK,4.5
2022-08-15,Willy Wonka & the Chocolate Factory,1971,https://boxd.it/2aLu,4.5
2022-08-15,Ice Age: The Meltdown,2006,https://boxd.it/2wRk,2
2022-08-15,The Croods,2013,https://boxd.it/FRE,2.5
2022-08-15,Ice Age,2002,https://boxd.it/2apS,3.5
2022-08-15,Shark Tale,2004,https://boxd.it/1VYe,0.5
2022-08-15,Chicken Little,2005,https://boxd.it/1Xnu,1.5
2022-08-15,The Lego Movie,2014,https://boxd.it/4pDO,4.5
2022-08-15,The Lion King,1994,https://boxd.it/201Q,4.5
2022-08-15,Shrek the Third,2007,https://boxd.it/29yY,2
2022-08-15,Shrek,2001,https://boxd.it/29zi,4
2022-08-15,The Smurfs,2011,https://boxd.it/Zcm,1
2022-08-15,Disaster Movie,2008,https://boxd.it/1Pnc,0.5
2022-08-15,Epic Movie,2007,https://boxd.it/1XSs,0.5
2022-08-15,Smosh: The Movie,2015,https://boxd.it/9ZQ0,0.5
2022-08-15,FRED 3: Camp Fred,2012,https://boxd.it/4cHI,0.5
2022-08-15,Fred 2: Night of the Living Fred,2011,https://boxd.it/2YLE,0.5
2022-08-15,FRED: The Movie,2010,https://boxd.it/OAi,5
2022-08-15,The Room,2003,https://boxd.it/1ICY,1.5
2022-08-15,Bee Movie,2007,https://boxd.it/22Vw,1.5
2022-08-15,Over the Hedge,2006,https://boxd.it/20QY,1
2022-08-15,Turbo,2013,https://boxd.it/2Hzw,1
2022-08-15,Penguins of Madagascar,2014,https://boxd.it/89tc,2.5
2022-08-15,Home,2015,https://boxd.it/6JxA,1
2022-08-15,Flushed Away,2006,https://boxd.it/1Tpm,3
2022-08-15,Shrek Forever After,2010,https://boxd.it/1WRo,3
2022-08-15,Rise of the Guardians,2012,https://boxd.it/2PXw,2
2022-08-15,Antz,1998,https://boxd.it/1ZB4,2
2022-08-15,Megamind,2010,https://boxd.it/16Sk,3
2022-08-15,Puss in Boots,2011,https://boxd.it/eL34,2.5
2022-08-16,Last Breath,2019,https://boxd.it/kWGe,3.5
2022-08-17,Schindler's List,1993,https://boxd.it/2aq2,5
2022-08-17,The Pianist,2002,https://boxd.it/2aqc,5
2022-08-18,The Hunt,2012,https://boxd.it/3wEC,4.5
2022-08-19,Interstellar,2014,https://boxd.it/4VZ8,4
2022-08-21,The Nice Guys,2016,https://boxd.it/94Hg,4.5
2022-08-23,The Gray Man,2022,https://boxd.it/rb7q,1.5
2022-08-24,Dallas Buyers Club,2013,https://boxd.it/4O8G,4
2022-08-24,The Rescue,2021,https://boxd.it/pmto,4
2022-08-26,Suspiria,2018,https://boxd.it/cioI,4
2022-08-26,Borat: Cultural Learnings of America for Make Benefit Glorious Nation of Kazakhstan,2006,https://boxd.it/2agQ,5
2022-08-27,Licorice Pizza,2021,https://boxd.it/qTKY,3
2022-08-27,Mission: Impossible,1996,https://boxd.it/29d2,4
2022-08-30,Brokeback Mountain,2005,https://boxd.it/2b2q,4.5
2022-08-30,Aladdin,1992,https://boxd.it/29yE,3.5
2022-08-31,Donnie Darko,2001,https://boxd.it/2b2A,4
2022-08-31,Light & Magic,2022,https://boxd.it/C9RS,3.5
2022-09-02,The Fly,1986,https://boxd.it/1YIe,4
2022-09-04,E.T. the Extra-Terrestrial,1982,https://boxd.it/2a1G,5
2022-09-04,Three Thousand Years of Longing,2022,https://boxd.it/kmoy,3.5
2022-09-04,Nope,2022,https://boxd.it/sDCe,3.5
2022-09-04,Fargo,1996,https://boxd.it/2aHM,5
2022-09-07,Jaws,1975,https://boxd.it/2a5e,4.5
2022-09-07,Raging Bull,1980,https://boxd.it/28yI,4.5
2022-09-08,Hearts of Darkness: A Filmmaker's Apocalypse,1991,https://boxd.it/24ai,5
2022-09-10,The Wizard of Oz,1939,https://boxd.it/29Xu,4.5
2022-09-10,Cop Land,1997,https://boxd.it/27ly,4
2022-09-12,Pan's Labyrinth,2006,https://boxd.it/28No,4.5
2022-09-13,Jesus Shows You the Way to the Highway,2019,https://boxd.it/mmug,1
2022-09-13,One Cut of the Dead,2017,https://boxd.it/iAFu,5
2022-09-15,3:10 to Yuma,2007,https://boxd.it/23g0,3.5
2022-09-16,28 Days Later,2002,https://boxd.it/2aXU,4.5
2022-09-16,WALL·E,2008,https://boxd.it/1VEo,5
2022-09-17,Sunshine,2007,https://boxd.it/28Xy,3.5
2022-09-18,Capitalism: A Love Story,2009,https://boxd.it/1B62,3.5
2022-09-18,Constantine,2005,https://boxd.it/2a7E,3
2022-09-18,Thoroughbreds,2017,https://boxd.it/dVHQ,4
2022-09-19,The Sting,1973,https://boxd.it/1Z5s,4.5
2022-09-20,Baby Driver,2017,https://boxd.it/bhF2,5
2022-09-21,The Wrestler,2008,https://boxd.it/1So8,4
2022-09-21,Spencer,2021,https://boxd.it/qPMG,3.5
2022-09-22,Slumdog Millionaire,2008,https://boxd.it/1S3E,3.5
2022-09-25,Bronson,2008,https://boxd.it/1GM8,4
2022-09-25,Scanners,1981,https://boxd.it/1YqE,2.5
2022-09-26,Ferris Bueller's Day Off,1986,https://boxd.it/1YPY,5
2022-09-27,The Meyerowitz Stories (New and Selected),2017,https://boxd.it/dSp0,4.5
2022-09-28,Cyberpunk: Edgerunners,2022,https://boxd.it/COP4,4
2022-09-28,Moulin Rouge!,2001,https://boxd.it/29wI,1.5
2022-09-29,My Neighbor Totoro,1988,https://boxd.it/20eA,4
2022-10-01,Avatar,2009,https://boxd.it/1Efm,3.5
2022-10-02,Princess Mononoke,1997,https://boxd.it/2b4w,4
2022-10-03,The Godfather,1972,https://boxd.it/2aNK,5
2022-10-05,The Godfather: Part II,1974,https://boxd.it/2aNq,4.5
2022-10-05,Hellraiser,1987,https://boxd.it/1Zpi,3
2022-10-06,The Texas Chain Saw Massacre,1974,https://boxd.it/1lcS,4.5
2022-10-08,Pinocchio,1940,https://boxd.it/1V8C,4
2022-10-08,Amsterdam,2022,https://boxd.it/oJ58,2
2022-10-08,Werewolf by Night,2022,https://boxd.it/xMrO,4.5
2022-10-09,28 Weeks Later,2007,https://boxd.it/28Bi,2.5
2022-10-10,This Is England,2006,https://boxd.it/1T44,5
2022-10-11,The Nightmare Before Christmas,1993,https://boxd.it/1YzQ,4.5
2022-10-12,Bottle Rocket,1996,https://boxd.it/1PDa,4
2022-10-13,Casino Royale,2006,https://boxd.it/1alk,4.5
2022-10-14,Little Shop of Horrors,1986,https://boxd.it/1Vqm,4
2022-10-15,Layer Cake,2004,https://boxd.it/23LC,3
2022-10-20,Blood Simple,1984,https://boxd.it/1U16,4
2022-10-22,The Banshees of Inisherin,2022,https://boxd.it/p7XS,4.5
2022-10-23,X,2022,https://boxd.it/sxVa,3
2022-10-24,Portrait of a Lady on Fire,2019,https://boxd.it/jkPq,4
2022-10-25,Dawn of the Dead,1978,https://boxd.it/29gU,4.5
2022-10-26,Dead Poets Society,1989,https://boxd.it/2aSg,3.5
2022-10-29,Quantum of Solace,2008,https://boxd.it/1Vs8,1.5
2022-10-29,THX 1138,1971,https://boxd.it/29Ww,3.5
2022-10-30,Wendell & Wild,2022,https://boxd.it/iwtu,3
2022-10-30,The Autopsy,2022,https://boxd.it/Dkgg,4
2022-11-01,12 Years a Slave,2013,https://boxd.it/2D2e,5
2022-11-01,Evil Dead II,1987,https://boxd.it/29Ge,5
2022-11-02,Skyfall,2012,https://boxd.it/17Fc,3.5
2022-11-03,Isle of Dogs,2018,https://boxd.it/dZrW,4.5
2022-11-04,Obi-Wan Kenobi,2022,https://boxd.it/yLBA,2
2022-11-04,See How They Run,2022,https://boxd.it/sNVq,2.5
2022-11-05,Manchester by the Sea,2016,https://boxd.it/b2L0,3
2022-11-08,The Quick and the Dead,1995,https://boxd.it/1Sx0,4.5
2022-11-08,Spectre,2015,https://boxd.it/6bXY,1
2022-11-08,This Is England '86,2010,https://boxd.it/e4Oc,5
2022-11-09,Beverly Hills Cop,1984,https://boxd.it/2baE,3.5
2022-11-10,The Rocky Horror Picture Show,1975,https://boxd.it/1a3q,3
2022-11-11,This Is England '88,2011,https://boxd.it/6DtM,5
2022-11-12,Black Panther: Wakanda Forever,2022,https://boxd.it/igPu,3
2022-11-13,No Time to Die,2021,https://boxd.it/cPX2,3
2022-11-13,Butch Cassidy and the Sundance Kid,1969,https://boxd.it/29Vy,5
2022-11-14,The Fighter,2010,https://boxd.it/PP4,3.5
2022-11-15,Ed Wood,1994,https://boxd.it/2adM,4
2022-11-16,The Shape of Water,2017,https://boxd.it/dZ5m,4
2022-11-17,Mulan,1998,https://boxd.it/1VFw,3.5
2022-11-18,This Is England '90,2015,https://boxd.it/ceXk,5
2022-11-18,Django,1966,https://boxd.it/1Vr0,4
2022-11-19,The Menu,2022,https://boxd.it/lScm,4
2022-11-19,Natural Born Killers,1994,https://boxd.it/2aNg,1.5
2022-11-20,Hustle,2022,https://boxd.it/qpig,3.5
2022-11-21,Babe,1995,https://boxd.it/1Yh8,2.5
2022-11-21,Brazil,1985,https://boxd.it/2be2,5
2022-11-22,An American Werewolf in London,1981,https://boxd.it/29yk,4.5
2022-11-23,Shaolin Soccer,2001,https://boxd.it/1T86,4
2022-11-24,Anomalisa,2015,https://boxd.it/97TE,4
2022-11-25,Black Dynamite,2009,https://boxd.it/1wX6,5
2022-11-27,A Ghost Story,2017,https://boxd.it/fb0K,4
2022-11-28,Inside 'Inside Llewyn Davis',2014,https://boxd.it/90h4,4
2022-11-29,Little Miss Sunshine,2006,https://boxd.it/29EW,3.5
2022-11-30,Bones and All,2022,https://boxd.it/tLd4,4
2022-11-30,Aftersun,2022,https://boxd.it/Arw0,4
2022-12-01,The Muppet Movie,1979,https://boxd.it/1UrS,4.5
2022-12-04,Another Round,2020,https://boxd.it/lkba,3.5
2022-12-04,Hercules,1997,https://boxd.it/1SDW,3.5
2022-12-05,Scream,1996,https://boxd.it/24EC,4.5
2022-12-05,Violent Night,2022,https://boxd.it/xXBA,2.5
2022-12-07,Glengarry Glen Ross,1992,https://boxd.it/1Yw8,4
2022-12-08,Twelve Monkeys,1995,https://boxd.it/2beQ,3.5
2022-12-09,Battle Royale,2000,https://boxd.it/25zS,3.5
2022-12-09,Shaun the Sheep Movie,2015,https://boxd.it/7Pdy,4
2022-12-11,Guillermo del Toro's Pinocchio,2022,https://boxd.it/kjMW,3.5
2022-12-11,Man on the Moon,1999,https://boxd.it/281k,4
2022-12-12,A Grand Day Out,1989,https://boxd.it/2acu,4
2022-12-12,The Wrong Trousers,1993,https://boxd.it/2ack,5
2022-12-12,A Close Shave,1995,https://boxd.it/2aca,5
2022-12-12,The Godfather: Part III,1990,https://boxd.it/2aN6,2.5
2022-12-14,The Elephant Man,1980,https://boxd.it/27LQ,4
2022-12-15,Howl's Moving Castle,2004,https://boxd.it/23De,4
2022-12-16,Death Proof,2007,https://boxd.it/27GG,2.5
2022-12-16,Planet Terror,2007,https://boxd.it/27Gw,4
2022-12-17,Avatar: The Way of Water,2022,https://boxd.it/2E2E,3
2022-12-17,It's a Wonderful Life,1946,https://boxd.it/28xA,4.5
2022-12-18,Donnie Brasco,1997,https://boxd.it/1YRA,4
2022-12-20,Mulholland Drive,2001,https://boxd.it/297o,4
2022-12-20,Barbarian,2022,https://boxd.it/yohi,2.5
2022-12-22,Mission: Impossible III,2006,https://boxd.it/29cI,3
2022-12-22,Mission: Impossible – Ghost Protocol,2011,https://boxd.it/psI,3.5
2022-12-24,Mission: Impossible – Rogue Nation,2015,https://boxd.it/5rI4,3.5
2022-12-24,Mission: Impossible – Fallout,2018,https://boxd.it/bSVc,4
2022-12-25,Glass Onion,2022,https://boxd.it/oCkK,3
2022-12-26,The Blair Witch Project,1999,https://boxd.it/26ua,3.5
2022-12-26,Drag Me to Hell,2009,https://boxd.it/1Jzw,3.5
2022-12-28,Chinatown,1974,https://boxd.it/29vU,5
2022-12-28,Rashomon,1950,https://boxd.it/2a9K,4.5
2022-12-28,Throne of Blood,1957,https://boxd.it/251w,4.5
2022-12-28,Sanjuro,1962,https://boxd.it/1TaQ,4.5
2022-12-28,The Hidden Fortress,1958,https://boxd.it/295M,4.5
2022-12-28,Samurai I: Musashi Miyamoto,1954,https://boxd.it/1jfg,4
2022-12-30,Good Will Hunting,1997,https://boxd.it/2ahY,4
2022-12-30,Men,2022,https://boxd.it/tlc0,3
2022-12-31,White Noise,2022,https://boxd.it/rXgK,2
2023-01-02,Gremlins,1984,https://boxd.it/29gg,4
2023-01-04,Moonlight,2016,https://boxd.it/d6bE,3.5
2023-01-05,John Wick,2014,https://boxd.it/7dEc,4
2023-01-05,The Untouchables,1987,https://boxd.it/2b6i,4.5
2023-01-05,Samurai II: Duel at Ichijoji Temple,1955,https://boxd.it/1jf6,4
2023-01-07,Hellboy,2004,https://boxd.it/28HK,2.5
2023-01-08,Widows,2018,https://boxd.it/e6gc,3
2023-01-08,Puss in Boots: The Last Wish,2022,https://boxd.it/aaie,4
2023-01-10,Gremlins 2: The New Batch,1990,https://boxd.it/29g6,4.5
2023-01-11,The Age of Innocence,1993,https://boxd.it/1WgM,3.5
2023-01-12,North by Northwest,1959,https://boxd.it/2aRM,4.5
2023-01-12,The King's Speech,2010,https://boxd.it/dX0,3.5
2023-01-15,The Florida Project,2017,https://boxd.it/dMG0,4
2023-01-16,The Goonies,1985,https://boxd.it/1YVC,3
2023-01-16,Night of the Living Dead,1968,https://boxd.it/1WwA,3.5
2023-01-17,This Is Spinal Tap,1984,https://boxd.it/1UOs,4
2023-01-17,Body Bags,1993,https://boxd.it/1iNc,3.5
2023-01-19,Rosemary's Baby,1968,https://boxd.it/29zM,4
2023-01-19,My Left Foot: The Story of Christy Brown,1989,https://boxd.it/1WW4,4
2023-01-19,Come and See,1985,https://boxd.it/1w9q,5
2023-01-19,Dark Star,1974,https://boxd.it/28Ow,2.5
2023-01-19,The Hateful Eight,2015,https://boxd.it/8gw8,4
2023-01-21,The Thin Red Line,1998,https://boxd.it/1ZTM,4
2023-01-21,TÁR,2022,https://boxd.it/uNIA,4.5
2023-01-21,Babylon,2022,https://boxd.it/mM02,3
2023-01-23,The Gentlemen,2019,https://boxd.it/iYBQ,3
2023-01-24,Samurai III: Duel at Ganryu Island,1956,https://boxd.it/1jeM,4
2023-01-25,Once Upon a Time in America,1984,https://boxd.it/2aCs,5
2023-01-25,Carrie,1976,https://boxd.it/20ZQ,4
2023-01-26,Stalker,1979,https://boxd.it/28PO,4
2023-01-26,A Nightmare on Elm Street,1984,https://boxd.it/2aw0,4
2023-01-27,Friday the 13th,1980,https://boxd.it/24fs,2.5
2023-01-28,The Fabelmans,2022,https://boxd.it/ugoM,2.5
2023-01-29,Nausicaä of the Valley of the Wind,1984,https://boxd.it/2bc6,3.5
2023-01-30,Dead Ringers,1988,https://boxd.it/1Yqk,3.5
2023-01-30,The Producers,1967,https://boxd.it/1lMm,4
2023-01-31,Munich,2005,https://boxd.it/2a0e,4
2023-02-02,Judas and the Black Messiah,2021,https://boxd.it/lsew,4
2023-02-02,The Sixth Sense,1999,https://boxd.it/29Js,4
2023-02-05,Castle in the Sky,1986,https://boxd.it/1W4G,3.5
2023-02-05,Hostel,2005,https://boxd.it/28ig,3
2023-02-05,Saving Private Ryan,1998,https://boxd.it/29ro,4
2023-02-07,"South Park: Bigger, Longer & Uncut",1999,https://boxd.it/1YAO,3.5
2023-02-07,The Whale,2022,https://boxd.it/tw4c,4
2023-02-07,Knock at the Cabin,2023,https://boxd.it/npL2,2
2023-02-07,Crank,2006,https://boxd.it/27MY,3.5
2023-02-09,The Green Mile,1999,https://boxd.it/2agG,3.5
2023-02-11,Total Recall,1990,https://boxd.it/29qK,3.5
2023-02-11,13 Assassins,2010,https://boxd.it/jqc,3.5
2023-02-12,Suspiria,1977,https://boxd.it/1SNW,4.5
2023-02-14,Crank: High Voltage,2009,https://boxd.it/1MPs,4
2023-02-15,Boy,2010,https://boxd.it/13RS,4
2023-02-16,The Visit,2015,https://boxd.it/9ssO,1
2023-02-16,All Quiet on the Western Front,2022,https://boxd.it/H08,3.5
2023-02-17,Kiki's Delivery Service,1989,https://boxd.it/1JAY,4
2023-02-18,Spotlight,2015,https://boxd.it/a84k,3.5
2023-02-18,Bill & Ted's Bogus Journey,1991,https://boxd.it/28oy,4
2023-02-18,Bill & Ted's Excellent Adventure,1989,https://boxd.it/28oI,4.5
2023-02-19,Ant-Man and the Wasp: Quantumania,2023,https://boxd.it/nL2y,2
2023-02-19,Marcel the Shell with Shoes On,2021,https://boxd.it/wMAk,5
2023-02-19,Gravity,2013,https://boxd.it/GZY,3
2023-02-20,"Synecdoche, New York",2008,https://boxd.it/23zw,4
2023-02-21,Awakenings,1990,https://boxd.it/1USu,4
2023-02-21,Sicko,2007,https://boxd.it/26Sm,3.5
2023-02-21,"The Good, the Bad and the Ugly",1966,https://boxd.it/2ape,5
2023-02-23,American Beauty,1999,https://boxd.it/71Y,4
2023-02-24,Being John Malkovich,1999,https://boxd.it/2ahu,4
2023-02-25,Ichi the Killer,2001,https://boxd.it/1Y1O,3.5
2023-02-27,For a Few Dollars More,1965,https://boxd.it/29eu,4.5
2023-02-28,Call Me by Your Name,2017,https://boxd.it/dYmm,3.5
2023-02-28,A.I. Artificial Intelligence,2001,https://boxd.it/29Ve,3
2023-02-28,A Fistful of Dollars,1964,https://boxd.it/2auo,4.5
2023-03-02,Papillon,1973,https://boxd.it/22kK,4.5
2023-03-04,Apocalypto,2006,https://boxd.it/28yy,4
2023-03-04,Sweeney Todd: The Demon Barber of Fleet Street,2007,https://boxd.it/1PcS,3.5
2023-03-05,The Wind Rises,2013,https://boxd.it/4JQS,3
2023-03-06,The Babysitter,2017,https://boxd.it/eP1w,0.5
2023-03-06,"Planes, Trains and Automobiles",1987,https://boxd.it/26zE,3.5
2023-03-08,Once Upon a Time in the West,1968,https://boxd.it/2az4,4
2023-03-10,The Magnificent Seven,1960,https://boxd.it/29bA,3.5
2023-03-10,The Host,2006,https://boxd.it/28ZY,3.5
2023-03-11,Tarzan,1999,https://boxd.it/18YO,3.5
2023-03-13,It,1990,https://boxd.it/26tG,2.5
2023-03-13,Batman: Mask of the Phantasm,1993,https://boxd.it/1N6S,4
2023-03-14,The French Connection,1971,https://boxd.it/296g,4.5
2023-03-17,The Third Man,1949,https://boxd.it/294E,4.5
2023-03-17,Room,2015,https://boxd.it/7T0y,3
2023-03-18,Batman & Mr. Freeze: SubZero,1998,https://boxd.it/1Luo,3
2023-03-19,Creed III,2023,https://boxd.it/pf68,4
2023-03-19,Pearl,2022,https://boxd.it/zPbe,3.5
2023-03-20,Rocky,1976,https://boxd.it/28Uk,5
2023-03-22,Inception,2010,https://boxd.it/1skk,4
2023-03-24,My Cousin Vinny,1992,https://boxd.it/1WpO,4
2023-03-25,Office Space,1999,https://boxd.it/28Em,3
2023-03-25,Scream VI,2023,https://boxd.it/zdfW,3
2023-03-27,John Wick: Chapter 4,2023,https://boxd.it/mh48,4.5
2023-03-27,Rain Man,1988,https://boxd.it/2avw,3.5
2023-03-29,The Sisters Brothers,2018,https://boxd.it/fDFm,4
2023-03-29,Nomadland,2020,https://boxd.it/lnRy,3.5
2023-03-30,Black Hawk Down,2001,https://boxd.it/29rI,3.5
2023-03-31,Boyz n the Hood,1991,https://boxd.it/29Ug,4
2023-03-31,2 Fast 2 Furious,2003,https://boxd.it/2a4g,2
2023-03-31,C'mon C'mon,2021,https://boxd.it/nrI0,4
2023-03-31,The Fog,1980,https://boxd.it/29Cc,3.5
2023-03-31,Prince of Darkness,1987,https://boxd.it/1ZKq,3
2023-03-31,The Irishman,2019,https://boxd.it/dYOq,4
2023-03-31,Dunkirk,2017,https://boxd.it/d0Y6,4
2023-04-01,Dungeons & Dragons: Honor Among Thieves,2023,https://boxd.it/hN1A,3
2023-04-01,Tetris,2023,https://boxd.it/rePK,3
2023-04-04,12 Angry Men,1957,https://boxd.it/2auI,5
2023-04-05,Children of Men,2006,https://boxd.it/1Y2i,4.5
2023-04-05,Blue Velvet,1986,https://boxd.it/29BI,4
2023-04-06,The Super Mario Bros. Movie,2023,https://boxd.it/i8C8,2.5
2023-04-07,Cape Fear,1991,https://boxd.it/28vu,3.5
2023-04-08,The Machinist,2004,https://boxd.it/248c,3.5
2023-04-09,Four Lions,2010,https://boxd.it/18do,4
2023-04-12,Air,2023,https://boxd.it/Arlc,3.5
2023-04-14,King of New York,1990,https://boxd.it/1Ynq,4
2023-04-14,Nosferatu,1922,https://boxd.it/29TM,3.5
2023-04-15,Ikiru,1952,https://boxd.it/251c,4.5
2023-04-17,Frankenstein,1931,https://boxd.it/25Te,4
2023-04-17,Stray Dog,1949,https://boxd.it/1ltu,4.5
2023-04-19,The Graduate,1967,https://boxd.it/18Im,4
2023-04-19,Blazing Saddles,1974,https://boxd.it/1UHQ,4
2023-04-20,Galaxy Quest,1999,https://boxd.it/29gq,2
2023-04-23,Cinema Paradiso,1988,https://boxd.it/1UlA,5
2023-04-25,La Haine,1995,https://boxd.it/2as8,4
2023-04-25,The Dark Crystal,1982,https://boxd.it/1Tm8,3
2023-04-26,Dracula,1931,https://boxd.it/2b34,3.5
2023-04-26,Tombstone,1993,https://boxd.it/1SE6,3.5
2023-04-26,The Prince of Egypt,1998,https://boxd.it/1XGQ,3
2023-04-27,Evil Dead Rise,2023,https://boxd.it/qIvo,3.5
2023-04-27,How to Blow Up a Pipeline,2022,https://boxd.it/C69e,4
2023-05-01,Darkman,1990,https://boxd.it/1YnK,3.5
2023-05-02,Sorry to Bother You,2018,https://boxd.it/f21E,3
2023-05-03,Under the Skin,2013,https://boxd.it/3mDa,4.5
2023-05-03,Sexy Beast,2000,https://boxd.it/1SZS,4
2023-05-03,The Invisible Man,1933,https://boxd.it/1VoK,4
2023-05-05,Guardians of the Galaxy Vol. 3,2023,https://boxd.it/fVNI,3.5
2023-05-05,Mean Streets,1973,https://boxd.it/2aSU,4
2023-05-06,The Insider,1999,https://boxd.it/1ZoE,3.5
2023-05-07,Braveheart,1995,https://boxd.it/2aTI,2
2023-05-08,Ringu,1998,https://boxd.it/26tw,3.5
2023-05-11,The Ring,2002,https://boxd.it/2a70,2.5
2023-05-11,Sin City,2005,https://boxd.it/2aVk,4.5
2023-05-12,The Breakfast Club,1985,https://boxd.it/27q4,3.5
2023-05-12,Pink Floyd: The Wall,1982,https://boxd.it/1Sxk,5
2023-05-13,Paths of Glory,1957,https://boxd.it/29b6,4.5
2023-05-15,Adaptation.,2002,https://boxd.it/26mA,4
2023-05-15,The Terminator,1984,https://boxd.it/2aQY,4
2023-05-17,Terminator 2: Judgment Day,1991,https://boxd.it/2aGY,4.5
2023-05-17,Rear Window,1954,https://boxd.it/2a6Q,4.5
2023-05-18,STILL: A Michael J. Fox Movie,2023,https://boxd.it/E37I,3.5
2023-05-20,Vertigo,1958,https://boxd.it/2apI,4
2023-05-20,Hackers,1995,https://boxd.it/1WhU,2
2023-05-21,The Long Goodbye,1973,https://boxd.it/281O,4
2023-05-21,Indiana Jones and the Last Crusade,1989,https://boxd.it/2baO,5
2023-05-22,The Deer Hunter,1978,https://boxd.it/1T6O,4.5
2023-05-24,Bowling for Columbine,2002,https://boxd.it/28Ls,3.5
2023-05-24,Rope,1948,https://boxd.it/28yo,4
2023-05-25,Dial M for Murder,1954,https://boxd.it/2adW,4.5
2023-05-29,Psycho,1960,https://boxd.it/2ab2,4.5
2023-05-31,Freaked,1993,https://boxd.it/1I4i,4
2023-06-02,"Duck, You Sucker",1971,https://boxd.it/2ayU,4
2023-06-02,The Wolf Man,1941,https://boxd.it/1PG4,3
2023-06-08,The Killing,1956,https://boxd.it/2aMi,4
2023-06-09,"I, Daniel Blake",2016,https://boxd.it/d0xa,3.5
2023-06-12,The Mummy,1932,https://boxd.it/1LnW,2.5
2023-06-14,M,1931,https://boxd.it/29vq,4.5
2023-06-14,The Straight Story,1999,https://boxd.it/2ass,3
2023-06-15,In the Heat of the Night,1967,https://boxd.it/1VLY,4
2023-06-15,"Hi, Mom!",1970,https://boxd.it/Wwy,4.5
2023-06-18,The Long Good Friday,1980,https://boxd.it/1NlS,4
2023-06-18,Dune,1984,https://boxd.it/29tY,2.5
2023-06-21,Prometheus,2012,https://boxd.it/2s9e,3
2023-06-24,The Cabinet of Dr. Caligari,1920,https://boxd.it/2aOo,3.5
2023-06-26,Asteroid City,2023,https://boxd.it/s3ds,4
2023-06-26,The Flash,2023,https://boxd.it/9twC,1.5
2023-06-26,Mad God,2021,https://boxd.it/vVPm,4
2023-06-26,Strangers on a Train,1951,https://boxd.it/29tk,4
2023-06-26,Blade,1998,https://boxd.it/1a8A,3.5
2023-06-28,Spartacus,1960,https://boxd.it/29bq,3.5
2023-06-28,Blade II,2002,https://boxd.it/1agO,2
2023-06-30,Blade: Trinity,2004,https://boxd.it/1a8q,1
2023-06-30,Naked,1993,https://boxd.it/1BT4,4
2023-07-01,Django Unchained,2012,https://boxd.it/2cCk,4.5
2023-07-01,Black Mirror: Shut Up and Dance,2016,https://boxd.it/hRRq,4.5
2023-07-01,Black Mirror: Striking Vipers,2019,https://boxd.it/mlse,1.5
2023-07-01,Harakiri,1962,https://boxd.it/1NTU,4.5
2023-07-03,Casino,1995,https://boxd.it/2ads,4.5
2023-07-05,Invasion of the Body Snatchers,1978,https://boxd.it/1SWk,4
2023-07-08,Hard Boiled,1992,https://boxd.it/1T6a,4
2023-07-08,Indiana Jones and the Temple of Doom,1984,https://boxd.it/2bb8,4.5
2023-07-09,They Live,1988,https://boxd.it/20lm,5
2023-07-18,Life of Brian,1979,https://boxd.it/2a4q,4.5
2023-07-23,Mission: Impossible – Dead Reckoning Part One,2023,https://boxd.it/l7zS,3.5
2023-07-23,Groundhog Day,1993,https://boxd.it/2b3e,3.5
2023-07-25,Twin Peaks: Fire Walk with Me,1992,https://boxd.it/27Qw,4
2023-07-25,Close Encounters of the Third Kind,1977,https://boxd.it/29u8,4.5
2023-07-26,Barbie,2023,https://boxd.it/bCLK,3
2023-07-28,Oppenheimer,2023,https://boxd.it/wUow,4.5
2023-08-03,To Live and Die in L.A.,1985,https://boxd.it/1XFo,4.5
2023-08-04,The Princess Bride,1987,https://boxd.it/26EY,4
2023-08-05,Watchmen,2009,https://boxd.it/1QE4,3
